{
  "assets": [
    {
      "id": "comp_circle_1_copy_copy_DB39B229-8432-4667-8BDA-C51947FD6E80",
      "layers": [
        {
          "ty": 3,
          "ao": 0,
          "ddd": 0,
          "ind": 15,
          "ip": 0,
          "ks": {
            "a": { "a": 0, "k": [0.005, 0.005, 0] },
            "o": { "a": 0, "k": 100 },
            "p": {
              "s": true,
              "x": { "a": 0, "k": 50 },
              "y": { "a": 0, "k": 50 }
            },
            "r": { "a": 0, "k": 0 },
            "s": { "a": 0, "k": [100, 100] }
          },
          "nm": "circle_1_copy_copy-null",
          "op": 271,
          "sr": 1,
          "st": 0,
          "tt": 0
        },
        {
          "ty": 4,
          "ao": 0,
          "ddd": 0,
          "ind": 14,
          "ip": 0,
          "ks": {
            "a": { "a": 0, "k": [0, 0] },
            "o": { "a": 0, "k": 100 },
            "p": { "a": 0, "k": [0, 0] },
            "r": { "a": 0, "k": 0 },
            "s": { "a": 0, "k": [100, 100] }
          },
          "nm": "circle_1_copy_copy-content",
          "op": 271,
          "parent": 15,
          "shapes": [
            {
              "ty": "gr",
              "cix": 2,
              "it": [
                {
                  "ty": "sh",
                  "ind": 0,
                  "ks": {
                    "a": 0,
                    "k": {
                      "c": true,
                      "i": [
                        [-0.00275, 0],
                        [0, 0.0027500000000000007],
                        [0.0027500000000000007, 0],
                        [0, -0.00275]
                      ],
                      "o": [
                        [0.0027500000000000007, 0],
                        [0, -0.00275],
                        [-0.00275, 0],
                        [0, 0.0027500000000000007]
                      ],
                      "v": [
                        [0.005, 0.01],
                        [0.01, 0.005],
                        [0.005, 0],
                        [0, 0.005]
                      ]
                    }
                  },
                  "nm": "circle_1_copy_copy-path"
                },
                {
                  "ty": "fl",
                  "c": { "a": 0, "k": [0.298, 0.8275, 0.3765, 1] },
                  "nm": "Fill 1",
                  "o": { "a": 0, "k": 100 },
                  "r": 1
                },
                {
                  "ty": "tr",
                  "a": { "a": 0, "k": [0, 0] },
                  "nm": "Transform",
                  "o": { "a": 0, "k": 100 },
                  "p": { "a": 0, "k": [0, 0] },
                  "r": { "a": 0, "k": 0 },
                  "s": { "a": 0, "k": [100, 100] },
                  "sa": { "a": 0, "k": 0 },
                  "sk": { "a": 0, "k": 0 }
                }
              ],
              "nm": "circle_1_copy_copy-content",
              "np": 3
            }
          ],
          "sr": 1,
          "st": 0,
          "tt": 0
        }
      ]
    },
    {
      "id": "comp_circle_1_copy_copy_6856E7C8-C47F-4CFC-B65C-915DBA76F176",
      "layers": [
        {
          "ty": 3,
          "ao": 0,
          "ddd": 0,
          "ind": 25,
          "ip": 0,
          "ks": {
            "a": {
              "a": 1,
              "k": [
                {
                  "i": { "x": [1], "y": [1] },
                  "o": { "x": [0], "y": [0] },
                  "s": [0.005, 0.005, 0],
                  "t": 0
                },
                {
                  "i": { "x": [0.355], "y": [1] },
                  "o": { "x": [0.215], "y": [0.61] },
                  "s": [0.005, 0.005, 0],
                  "t": 69.6
                },
                {
                  "i": { "x": [1], "y": [1] },
                  "o": { "x": [0], "y": [0] },
                  "s": [50, 50, 0],
                  "t": 129.60000000000002
                },
                {
                  "i": { "x": [1], "y": [1] },
                  "o": { "x": [0], "y": [0] },
                  "s": [50, 50, 0],
                  "t": 148.5
                },
                {
                  "i": { "x": [0.355], "y": [1] },
                  "o": { "x": [0.215], "y": [0.61] },
                  "s": [0.005, 0.005, 0],
                  "t": 148.8
                },
                {
                  "i": { "x": [0.58], "y": [1] },
                  "o": { "x": [0.42], "y": [0] },
                  "s": [50, 50, 0],
                  "t": 208.8
                },
                {
                  "i": { "x": [1], "y": [1] },
                  "o": { "x": [0], "y": [0] },
                  "s": [50, 50, 0],
                  "t": 270
                }
              ]
            },
            "o": { "a": 0, "k": 100 },
            "p": {
              "s": true,
              "x": { "a": 0, "k": 50 },
              "y": { "a": 0, "k": 50 }
            },
            "r": { "a": 0, "k": 0 },
            "s": { "a": 0, "k": [100, 100] }
          },
          "nm": "circle_1_copy_copy-null",
          "op": 271,
          "sr": 1,
          "st": 0,
          "tt": 0
        },
        {
          "ty": 4,
          "ao": 0,
          "ddd": 0,
          "ind": 24,
          "ip": 0,
          "ks": {
            "a": { "a": 0, "k": [0, 0] },
            "o": { "a": 0, "k": 100 },
            "p": { "a": 0, "k": [0, 0] },
            "r": { "a": 0, "k": 0 },
            "s": { "a": 0, "k": [100, 100] }
          },
          "nm": "circle_1_copy_copy-content",
          "op": 271,
          "parent": 25,
          "shapes": [
            {
              "ty": "gr",
              "cix": 2,
              "it": [
                {
                  "ty": "sh",
                  "ind": 0,
                  "ks": {
                    "a": 1,
                    "k": [
                      {
                        "i": { "x": [1], "y": [1] },
                        "o": { "x": [0], "y": [0] },
                        "s": [
                          {
                            "c": true,
                            "i": [
                              [-0.00275, 0],
                              [0, 0.0027500000000000007],
                              [0.0027500000000000007, 0],
                              [0, -0.00275]
                            ],
                            "o": [
                              [0.0027500000000000007, 0],
                              [0, -0.00275],
                              [-0.00275, 0],
                              [0, 0.0027500000000000007]
                            ],
                            "v": [
                              [0.005, 0.01],
                              [0.01, 0.005],
                              [0.005, 0],
                              [0, 0.005]
                            ]
                          }
                        ],
                        "t": 0
                      },
                      {
                        "i": { "x": [0.355], "y": [1] },
                        "o": { "x": [0.215], "y": [0.61] },
                        "s": [
                          {
                            "c": true,
                            "i": [
                              [-0.00275, 0],
                              [0, 0.0027500000000000007],
                              [0.0027500000000000007, 0],
                              [0, -0.00275]
                            ],
                            "o": [
                              [0.0027500000000000007, 0],
                              [0, -0.00275],
                              [-0.00275, 0],
                              [0, 0.0027500000000000007]
                            ],
                            "v": [
                              [0.005, 0.01],
                              [0.01, 0.005],
                              [0.005, 0],
                              [0, 0.005]
                            ]
                          }
                        ],
                        "t": 69.6
                      },
                      {
                        "i": { "x": [1], "y": [1] },
                        "o": { "x": [0], "y": [0] },
                        "s": [
                          {
                            "c": true,
                            "i": [
                              [-27.5, 0],
                              [0, 27.5],
                              [27.5, 0],
                              [0, -27.5]
                            ],
                            "o": [
                              [27.5, 0],
                              [0, -27.5],
                              [-27.5, 0],
                              [0, 27.5]
                            ],
                            "v": [
                              [50, 100],
                              [100, 50],
                              [50, 0],
                              [0, 50]
                            ]
                          }
                        ],
                        "t": 129.60000000000002
                      },
                      {
                        "i": { "x": [1], "y": [1] },
                        "o": { "x": [0], "y": [0] },
                        "s": [
                          {
                            "c": true,
                            "i": [
                              [-27.5, 0],
                              [0, 27.5],
                              [27.5, 0],
                              [0, -27.5]
                            ],
                            "o": [
                              [27.5, 0],
                              [0, -27.5],
                              [-27.5, 0],
                              [0, 27.5]
                            ],
                            "v": [
                              [50, 100],
                              [100, 50],
                              [50, 0],
                              [0, 50]
                            ]
                          }
                        ],
                        "t": 148.5
                      },
                      {
                        "i": { "x": [0.355], "y": [1] },
                        "o": { "x": [0.215], "y": [0.61] },
                        "s": [
                          {
                            "c": true,
                            "i": [
                              [-0.00275, 0],
                              [0, 0.0027500000000000007],
                              [0.0027500000000000007, 0],
                              [0, -0.00275]
                            ],
                            "o": [
                              [0.0027500000000000007, 0],
                              [0, -0.00275],
                              [-0.00275, 0],
                              [0, 0.0027500000000000007]
                            ],
                            "v": [
                              [0.005, 0.01],
                              [0.01, 0.005],
                              [0.005, 0],
                              [0, 0.005]
                            ]
                          }
                        ],
                        "t": 148.8
                      },
                      {
                        "i": { "x": [0.58], "y": [1] },
                        "o": { "x": [0.42], "y": [0] },
                        "s": [
                          {
                            "c": true,
                            "i": [
                              [-27.5, 0],
                              [0, 27.5],
                              [27.5, 0],
                              [0, -27.5]
                            ],
                            "o": [
                              [27.5, 0],
                              [0, -27.5],
                              [-27.5, 0],
                              [0, 27.5]
                            ],
                            "v": [
                              [50, 100],
                              [100, 50],
                              [50, 0],
                              [0, 50]
                            ]
                          }
                        ],
                        "t": 208.8
                      },
                      {
                        "i": { "x": [1], "y": [1] },
                        "o": { "x": [0], "y": [0] },
                        "s": [
                          {
                            "c": true,
                            "i": [
                              [-27.5, 0],
                              [0, 27.5],
                              [27.5, 0],
                              [0, -27.5]
                            ],
                            "o": [
                              [27.5, 0],
                              [0, -27.5],
                              [-27.5, 0],
                              [0, 27.5]
                            ],
                            "v": [
                              [50, 100],
                              [100, 50],
                              [50, 0],
                              [0, 50]
                            ]
                          }
                        ],
                        "t": 270
                      }
                    ]
                  },
                  "nm": "circle_1_copy_copy-path"
                },
                {
                  "ty": "fl",
                  "c": { "a": 0, "k": [0.298, 0.8275, 0.3765, 1] },
                  "nm": "Fill 1",
                  "o": { "a": 0, "k": 100 },
                  "r": 1
                },
                {
                  "ty": "tr",
                  "a": { "a": 0, "k": [0, 0] },
                  "nm": "Transform",
                  "o": { "a": 0, "k": 100 },
                  "p": { "a": 0, "k": [0, 0] },
                  "r": { "a": 0, "k": 0 },
                  "s": { "a": 0, "k": [100, 100] },
                  "sa": { "a": 0, "k": 0 },
                  "sk": { "a": 0, "k": 0 }
                }
              ],
              "nm": "circle_1_copy_copy-content",
              "np": 3
            }
          ],
          "sr": 1,
          "st": 0,
          "tt": 0
        }
      ]
    },
    {
      "id": "comp_circle_1_3242EB09-ABE7-42CC-A679-7351963F39E4",
      "layers": [
        {
          "ty": 3,
          "ao": 0,
          "ddd": 0,
          "ind": 35,
          "ip": 0,
          "ks": {
            "a": {
              "a": 1,
              "k": [
                {
                  "i": { "x": [1], "y": [1] },
                  "o": { "x": [0], "y": [0] },
                  "s": [0.005, 0.005, 0],
                  "t": 0
                },
                {
                  "i": { "x": [0.355], "y": [1] },
                  "o": { "x": [0.215], "y": [0.61] },
                  "s": [0.005, 0.005, 0],
                  "t": 30
                },
                {
                  "i": { "x": [1], "y": [1] },
                  "o": { "x": [0], "y": [0] },
                  "s": [50, 50, 0],
                  "t": 90
                },
                {
                  "i": { "x": [1], "y": [1] },
                  "o": { "x": [0], "y": [0] },
                  "s": [50, 50, 0],
                  "t": 108.9
                },
                {
                  "i": { "x": [0.355], "y": [1] },
                  "o": { "x": [0.215], "y": [0.61] },
                  "s": [0.005, 0.005, 0],
                  "t": 109.2
                },
                {
                  "i": { "x": [0.58], "y": [1] },
                  "o": { "x": [0.42], "y": [0] },
                  "s": [50, 50, 0],
                  "t": 169.2
                },
                {
                  "i": { "x": [1], "y": [1] },
                  "o": { "x": [0], "y": [0] },
                  "s": [50, 50, 0],
                  "t": 270
                }
              ]
            },
            "o": { "a": 0, "k": 100 },
            "p": {
              "s": true,
              "x": { "a": 0, "k": 50 },
              "y": { "a": 0, "k": 50 }
            },
            "r": { "a": 0, "k": 0 },
            "s": { "a": 0, "k": [100, 100] }
          },
          "nm": "circle_1-null",
          "op": 271,
          "sr": 1,
          "st": 0,
          "tt": 0
        },
        {
          "ty": 4,
          "ao": 0,
          "ddd": 0,
          "ind": 34,
          "ip": 0,
          "ks": {
            "a": { "a": 0, "k": [0, 0] },
            "o": { "a": 0, "k": 100 },
            "p": { "a": 0, "k": [0, 0] },
            "r": { "a": 0, "k": 0 },
            "s": { "a": 0, "k": [100, 100] }
          },
          "nm": "circle_1-content",
          "op": 271,
          "parent": 35,
          "shapes": [
            {
              "ty": "gr",
              "cix": 2,
              "it": [
                {
                  "ty": "sh",
                  "ind": 0,
                  "ks": {
                    "a": 1,
                    "k": [
                      {
                        "i": { "x": [1], "y": [1] },
                        "o": { "x": [0], "y": [0] },
                        "s": [
                          {
                            "c": true,
                            "i": [
                              [-0.00275, 0],
                              [0, 0.0027500000000000007],
                              [0.0027500000000000007, 0],
                              [0, -0.00275]
                            ],
                            "o": [
                              [0.0027500000000000007, 0],
                              [0, -0.00275],
                              [-0.00275, 0],
                              [0, 0.0027500000000000007]
                            ],
                            "v": [
                              [0.005, 0.01],
                              [0.01, 0.005],
                              [0.005, 0],
                              [0, 0.005]
                            ]
                          }
                        ],
                        "t": 0
                      },
                      {
                        "i": { "x": [0.355], "y": [1] },
                        "o": { "x": [0.215], "y": [0.61] },
                        "s": [
                          {
                            "c": true,
                            "i": [
                              [-0.00275, 0],
                              [0, 0.0027500000000000007],
                              [0.0027500000000000007, 0],
                              [0, -0.00275]
                            ],
                            "o": [
                              [0.0027500000000000007, 0],
                              [0, -0.00275],
                              [-0.00275, 0],
                              [0, 0.0027500000000000007]
                            ],
                            "v": [
                              [0.005, 0.01],
                              [0.01, 0.005],
                              [0.005, 0],
                              [0, 0.005]
                            ]
                          }
                        ],
                        "t": 30
                      },
                      {
                        "i": { "x": [1], "y": [1] },
                        "o": { "x": [0], "y": [0] },
                        "s": [
                          {
                            "c": true,
                            "i": [
                              [-27.5, 0],
                              [0, 27.5],
                              [27.5, 0],
                              [0, -27.5]
                            ],
                            "o": [
                              [27.5, 0],
                              [0, -27.5],
                              [-27.5, 0],
                              [0, 27.5]
                            ],
                            "v": [
                              [50, 100],
                              [100, 50],
                              [50, 0],
                              [0, 50]
                            ]
                          }
                        ],
                        "t": 90
                      },
                      {
                        "i": { "x": [1], "y": [1] },
                        "o": { "x": [0], "y": [0] },
                        "s": [
                          {
                            "c": true,
                            "i": [
                              [-27.5, 0],
                              [0, 27.5],
                              [27.5, 0],
                              [0, -27.5]
                            ],
                            "o": [
                              [27.5, 0],
                              [0, -27.5],
                              [-27.5, 0],
                              [0, 27.5]
                            ],
                            "v": [
                              [50, 100],
                              [100, 50],
                              [50, 0],
                              [0, 50]
                            ]
                          }
                        ],
                        "t": 108.9
                      },
                      {
                        "i": { "x": [0.355], "y": [1] },
                        "o": { "x": [0.215], "y": [0.61] },
                        "s": [
                          {
                            "c": true,
                            "i": [
                              [-0.00275, 0],
                              [0, 0.0027500000000000007],
                              [0.0027500000000000007, 0],
                              [0, -0.00275]
                            ],
                            "o": [
                              [0.0027500000000000007, 0],
                              [0, -0.00275],
                              [-0.00275, 0],
                              [0, 0.0027500000000000007]
                            ],
                            "v": [
                              [0.005, 0.01],
                              [0.01, 0.005],
                              [0.005, 0],
                              [0, 0.005]
                            ]
                          }
                        ],
                        "t": 109.2
                      },
                      {
                        "i": { "x": [0.58], "y": [1] },
                        "o": { "x": [0.42], "y": [0] },
                        "s": [
                          {
                            "c": true,
                            "i": [
                              [-27.5, 0],
                              [0, 27.5],
                              [27.5, 0],
                              [0, -27.5]
                            ],
                            "o": [
                              [27.5, 0],
                              [0, -27.5],
                              [-27.5, 0],
                              [0, 27.5]
                            ],
                            "v": [
                              [50, 100],
                              [100, 50],
                              [50, 0],
                              [0, 50]
                            ]
                          }
                        ],
                        "t": 169.2
                      },
                      {
                        "i": { "x": [1], "y": [1] },
                        "o": { "x": [0], "y": [0] },
                        "s": [
                          {
                            "c": true,
                            "i": [
                              [-27.5, 0],
                              [0, 27.5],
                              [27.5, 0],
                              [0, -27.5]
                            ],
                            "o": [
                              [27.5, 0],
                              [0, -27.5],
                              [-27.5, 0],
                              [0, 27.5]
                            ],
                            "v": [
                              [50, 100],
                              [100, 50],
                              [50, 0],
                              [0, 50]
                            ]
                          }
                        ],
                        "t": 270
                      }
                    ]
                  },
                  "nm": "circle_1-path"
                },
                {
                  "ty": "fl",
                  "c": { "a": 0, "k": [0.298, 0.8275, 0.3765, 1] },
                  "nm": "Fill 1",
                  "o": { "a": 0, "k": 100 },
                  "r": 1
                },
                {
                  "ty": "tr",
                  "a": { "a": 0, "k": [0, 0] },
                  "nm": "Transform",
                  "o": { "a": 0, "k": 100 },
                  "p": { "a": 0, "k": [0, 0] },
                  "r": { "a": 0, "k": 0 },
                  "s": { "a": 0, "k": [100, 100] },
                  "sa": { "a": 0, "k": 0 },
                  "sk": { "a": 0, "k": 0 }
                }
              ],
              "nm": "circle_1-content",
              "np": 3
            }
          ],
          "sr": 1,
          "st": 0,
          "tt": 0
        }
      ]
    },
    {
      "id": "comp_Fill 1_BA8ED0D5-D328-49CA-A278-C5A2B56A4A59",
      "layers": [
        {
          "ty": 3,
          "ao": 0,
          "ddd": 0,
          "ind": 45,
          "ip": 0,
          "ks": {
            "a": { "a": 0, "k": [30, 30, 0] },
            "o": { "a": 0, "k": 100 },
            "p": {
              "s": true,
              "x": { "a": 0, "k": 50 },
              "y": { "a": 0, "k": 50 }
            },
            "r": { "a": 0, "k": 0 },
            "s": { "a": 0, "k": [100, 100] }
          },
          "nm": "Fill 1-null",
          "op": 271,
          "sr": 1,
          "st": 0,
          "tt": 0
        },
        {
          "ty": 4,
          "ao": 0,
          "ddd": 0,
          "ind": 48,
          "ip": 0,
          "ks": {
            "a": { "a": 0, "k": [0, 0] },
            "o": { "a": 0, "k": 100 },
            "p": { "a": 0, "k": [0, 0] },
            "r": { "a": 0, "k": 0 },
            "s": { "a": 0, "k": [100, 100] }
          },
          "nm": "Fill 1-size",
          "op": 271,
          "shapes": [
            {
              "ty": "gr",
              "cix": 2,
              "it": [
                {
                  "ty": "rc",
                  "d": 1,
                  "nm": "sizeElement",
                  "p": { "a": 0, "k": [50, 50] },
                  "r": { "a": 0, "k": 0 },
                  "s": { "a": 0, "k": [100, 100] }
                },
                {
                  "ty": "fl",
                  "c": { "a": 0, "k": [0, 0, 0, 1] },
                  "nm": "Fill 1",
                  "o": { "a": 0, "k": 0 },
                  "r": 1
                },
                {
                  "ty": "tr",
                  "a": { "a": 0, "k": [0, 0] },
                  "nm": "Transform",
                  "o": { "a": 0, "k": 100 },
                  "p": { "a": 0, "k": [0, 0] },
                  "r": { "a": 0, "k": 0 },
                  "s": { "a": 0, "k": [100, 100] },
                  "sa": { "a": 0, "k": 0 },
                  "sk": { "a": 0, "k": 0 }
                }
              ],
              "nm": "Fill 1-size",
              "np": 3
            }
          ],
          "sr": 1,
          "st": 0,
          "tt": 0
        },
        {
          "ty": 4,
          "ao": 0,
          "ddd": 0,
          "ind": 41,
          "ip": 0,
          "ks": {
            "a": { "a": 0, "k": [0, 0] },
            "o": { "a": 0, "k": 100 },
            "p": { "a": 0, "k": [0, 0] },
            "r": { "a": 0, "k": 0 },
            "s": { "a": 0, "k": [100, 100] }
          },
          "nm": "Fill 1-stroke",
          "op": 271,
          "parent": 45,
          "shapes": [
            {
              "ty": "gr",
              "cix": 2,
              "it": [
                {
                  "ty": "sh",
                  "ind": 0,
                  "ks": {
                    "a": 0,
                    "k": {
                      "c": true,
                      "i": [
                        [-16.5685542, 0],
                        [0, -16.5685542],
                        [16.56855420000001, 0],
                        [4.746475199999999, 3.1489902],
                        [0, 0],
                        [0, 0],
                        [0, 6.370218000000001]
                      ],
                      "o": [
                        [16.5685542, 0],
                        [0, 16.5685542],
                        [-6.122851799999996, 0],
                        [0, 0],
                        [0, 0],
                        [-3.3858414000000003, -4.857683399999999],
                        [0, -16.5685542]
                      ],
                      "v": [
                        [30, 0],
                        [60, 30],
                        [30.8910894, 60],
                        [14.257425600000001, 55.8415842],
                        [1.1881188, 58.8118812],
                        [4.7524752, 46.3366338],
                        [0, 30]
                      ]
                    }
                  },
                  "nm": "Fill 1-path"
                },
                {
                  "ty": "st",
                  "c": {
                    "a": 1,
                    "k": [
                      {
                        "i": { "x": [1], "y": [1] },
                        "o": { "x": [0], "y": [0] },
                        "s": [0.298, 0.8275, 0.3765, 1],
                        "t": 0
                      },
                      {
                        "i": { "x": [0.58], "y": [1] },
                        "o": { "x": [0.42], "y": [0] },
                        "s": [0.298, 0.8275, 0.3765, 1],
                        "t": 30
                      },
                      {
                        "i": { "x": [0.58], "y": [1] },
                        "o": { "x": [0.42], "y": [0] },
                        "s": [1, 1, 1, 1],
                        "t": 47.400000000000006
                      },
                      {
                        "i": { "x": [1], "y": [1] },
                        "o": { "x": [0], "y": [0] },
                        "s": [1, 1, 1, 1],
                        "t": 270
                      }
                    ]
                  },
                  "d": [{ "n": "o", "nm": "offset", "v": { "a": 0, "k": 0 } }],
                  "lc": 1,
                  "lj": 1,
                  "ml": 10,
                  "nm": "Stroke 1",
                  "o": {
                    "a": 1,
                    "k": [
                      {
                        "i": { "x": [1], "y": [1] },
                        "o": { "x": [0], "y": [0] },
                        "s": [100],
                        "t": 0
                      },
                      {
                        "i": { "x": [0.58], "y": [1] },
                        "o": { "x": [0.42], "y": [0] },
                        "s": [100],
                        "t": 30
                      },
                      {
                        "i": { "x": [0.58], "y": [1] },
                        "o": { "x": [0.42], "y": [0] },
                        "s": [100],
                        "t": 47.400000000000006
                      },
                      {
                        "i": { "x": [1], "y": [1] },
                        "o": { "x": [0], "y": [0] },
                        "s": [100],
                        "t": 270
                      }
                    ]
                  },
                  "w": { "a": 0, "k": 6 }
                },
                {
                  "ty": "tm",
                  "e": {
                    "a": 1,
                    "k": [
                      {
                        "i": { "x": [0.355], "y": [1] },
                        "o": { "x": [0.645], "y": [0.045] },
                        "s": [62],
                        "t": 0
                      },
                      {
                        "i": { "x": [0.58], "y": [1] },
                        "o": { "x": [0.42], "y": [0] },
                        "s": [100],
                        "t": 30
                      },
                      {
                        "i": { "x": [1], "y": [1] },
                        "o": { "x": [0], "y": [0] },
                        "s": [100],
                        "t": 270
                      }
                    ]
                  },
                  "m": 2,
                  "nm": "Trim Paths 1",
                  "o": { "a": 0, "k": 0 },
                  "s": {
                    "a": 1,
                    "k": [
                      {
                        "i": { "x": [0.355], "y": [1] },
                        "o": { "x": [0.645], "y": [0.045] },
                        "s": [62],
                        "t": 0
                      },
                      {
                        "i": { "x": [0.58], "y": [1] },
                        "o": { "x": [0.42], "y": [0] },
                        "s": [0],
                        "t": 30
                      },
                      {
                        "i": { "x": [1], "y": [1] },
                        "o": { "x": [0], "y": [0] },
                        "s": [0],
                        "t": 270
                      }
                    ]
                  }
                },
                {
                  "ty": "tr",
                  "a": { "a": 0, "k": [0, 0] },
                  "nm": "Transform",
                  "o": { "a": 0, "k": 100 },
                  "p": { "a": 0, "k": [0, 0] },
                  "r": { "a": 0, "k": 0 },
                  "s": { "a": 0, "k": [100, 100] },
                  "sa": { "a": 0, "k": 0 },
                  "sk": { "a": 0, "k": 0 }
                }
              ],
              "nm": "Fill 1-stroke",
              "np": 3
            }
          ],
          "sr": 1,
          "st": 0,
          "tt": 0
        },
        {
          "ty": 4,
          "ao": 0,
          "ddd": 0,
          "ind": 44,
          "ip": 0,
          "ks": {
            "a": { "a": 0, "k": [0, 0] },
            "o": { "a": 0, "k": 100 },
            "p": { "a": 0, "k": [0, 0] },
            "r": { "a": 0, "k": 0 },
            "s": { "a": 0, "k": [100, 100] }
          },
          "nm": "Fill 1-content",
          "op": 271,
          "parent": 45,
          "shapes": [
            {
              "ty": "gr",
              "cix": 2,
              "it": [
                {
                  "ty": "sh",
                  "ind": 0,
                  "ks": {
                    "a": 0,
                    "k": {
                      "c": true,
                      "i": [
                        [-16.5685542, 0],
                        [0, -16.5685542],
                        [16.56855420000001, 0],
                        [4.746475199999999, 3.1489902],
                        [0, 0],
                        [0, 0],
                        [0, 6.370218000000001]
                      ],
                      "o": [
                        [16.5685542, 0],
                        [0, 16.5685542],
                        [-6.122851799999996, 0],
                        [0, 0],
                        [0, 0],
                        [-3.3858414000000003, -4.857683399999999],
                        [0, -16.5685542]
                      ],
                      "v": [
                        [30, 0],
                        [60, 30],
                        [30.8910894, 60],
                        [14.257425600000001, 55.8415842],
                        [1.1881188, 58.8118812],
                        [4.7524752, 46.3366338],
                        [0, 30]
                      ]
                    }
                  },
                  "nm": "Fill 1-path"
                },
                {
                  "ty": "fl",
                  "c": {
                    "a": 1,
                    "k": [
                      {
                        "i": { "x": [1], "y": [1] },
                        "o": { "x": [0], "y": [0] },
                        "s": [0, 0, 0, 1],
                        "t": 0
                      },
                      {
                        "i": { "x": [1], "y": [1] },
                        "o": { "x": [0], "y": [0] },
                        "s": [0, 0, 0, 1],
                        "t": 30
                      },
                      {
                        "i": { "x": [1], "y": [1] },
                        "o": { "x": [0], "y": [0] },
                        "s": [0, 0, 0, 1],
                        "t": 47.1
                      },
                      {
                        "i": { "x": [0.58], "y": [1] },
                        "o": { "x": [0.42], "y": [0] },
                        "s": [0.298, 0.8275, 0.3765, 1],
                        "t": 47.400000000000006
                      },
                      {
                        "i": { "x": [1], "y": [1] },
                        "o": { "x": [0], "y": [0] },
                        "s": [0.298, 0.8275, 0.3765, 1],
                        "t": 270
                      }
                    ]
                  },
                  "nm": "Fill 1",
                  "o": {
                    "a": 1,
                    "k": [
                      {
                        "i": { "x": [1], "y": [1] },
                        "o": { "x": [0], "y": [0] },
                        "s": [0],
                        "t": 0
                      },
                      {
                        "i": { "x": [1], "y": [1] },
                        "o": { "x": [0], "y": [0] },
                        "s": [0],
                        "t": 30
                      },
                      {
                        "i": { "x": [1], "y": [1] },
                        "o": { "x": [0], "y": [0] },
                        "s": [0],
                        "t": 47.1
                      },
                      {
                        "i": { "x": [0.58], "y": [1] },
                        "o": { "x": [0.42], "y": [0] },
                        "s": [100],
                        "t": 47.400000000000006
                      },
                      {
                        "i": { "x": [1], "y": [1] },
                        "o": { "x": [0], "y": [0] },
                        "s": [100],
                        "t": 270
                      }
                    ]
                  },
                  "r": 1
                },
                {
                  "ty": "tr",
                  "a": { "a": 0, "k": [0, 0] },
                  "nm": "Transform",
                  "o": { "a": 0, "k": 100 },
                  "p": { "a": 0, "k": [0, 0] },
                  "r": { "a": 0, "k": 0 },
                  "s": { "a": 0, "k": [100, 100] },
                  "sa": { "a": 0, "k": 0 },
                  "sk": { "a": 0, "k": 0 }
                }
              ],
              "nm": "Fill 1-content",
              "np": 3
            }
          ],
          "sr": 1,
          "st": 0,
          "tt": 0
        }
      ]
    },
    {
      "id": "comp_phone_6ADD6E0F-BD1A-4979-955D-714C9ABAB504",
      "layers": [
        {
          "ty": 3,
          "ao": 0,
          "ddd": 0,
          "ind": 55,
          "ip": 0,
          "ks": {
            "a": { "a": 0, "k": [16.5, 15.3, 0] },
            "o": { "a": 0, "k": 100 },
            "p": {
              "s": true,
              "x": {
                "a": 1,
                "k": [
                  {
                    "i": { "x": [0.58], "y": [1] },
                    "o": { "x": [0.42], "y": [0] },
                    "s": [48],
                    "t": 0
                  },
                  {
                    "i": { "x": [0.58], "y": [1] },
                    "o": { "x": [0.42], "y": [0] },
                    "s": [50],
                    "t": 69.6
                  },
                  {
                    "i": { "x": [0.58], "y": [1] },
                    "o": { "x": [0.42], "y": [0] },
                    "s": [48],
                    "t": 240
                  },
                  {
                    "i": { "x": [1], "y": [1] },
                    "o": { "x": [0], "y": [0] },
                    "s": [48],
                    "t": 270
                  }
                ]
              },
              "y": { "a": 0, "k": 50 }
            },
            "r": {
              "a": 1,
              "k": [
                {
                  "i": { "x": [1], "y": [1] },
                  "o": { "x": [0], "y": [0] },
                  "s": [0],
                  "t": 0
                },
                {
                  "i": { "x": [0.515], "y": [0.955] },
                  "o": { "x": [0.455], "y": [0.03] },
                  "s": [0],
                  "t": 50.699999999999996
                },
                {
                  "i": { "x": [0.515], "y": [0.955] },
                  "o": { "x": [0.455], "y": [0.03] },
                  "s": [14.999999999999998],
                  "t": 58.199999999999996
                },
                {
                  "i": { "x": [0.515], "y": [0.955] },
                  "o": { "x": [0.455], "y": [0.03] },
                  "s": [-14.999999999999998],
                  "t": 65.7
                },
                {
                  "i": { "x": [1], "y": [1] },
                  "o": { "x": [0], "y": [0] },
                  "s": [0],
                  "t": 73.2
                },
                {
                  "i": { "x": [1], "y": [1] },
                  "o": { "x": [0], "y": [0] },
                  "s": [0],
                  "t": 89.7
                },
                {
                  "i": { "x": [0.515], "y": [0.955] },
                  "o": { "x": [0.455], "y": [0.03] },
                  "s": [0],
                  "t": 90
                },
                {
                  "i": { "x": [0.515], "y": [0.955] },
                  "o": { "x": [0.455], "y": [0.03] },
                  "s": [14.999999999999998],
                  "t": 97.5
                },
                {
                  "i": { "x": [0.515], "y": [0.955] },
                  "o": { "x": [0.455], "y": [0.03] },
                  "s": [-14.999999999999998],
                  "t": 105
                },
                {
                  "i": { "x": [1], "y": [1] },
                  "o": { "x": [0], "y": [0] },
                  "s": [0],
                  "t": 112.5
                },
                {
                  "i": { "x": [1], "y": [1] },
                  "o": { "x": [0], "y": [0] },
                  "s": [0],
                  "t": 129.3
                },
                {
                  "i": { "x": [0.515], "y": [0.955] },
                  "o": { "x": [0.455], "y": [0.03] },
                  "s": [0],
                  "t": 129.60000000000002
                },
                {
                  "i": { "x": [0.515], "y": [0.955] },
                  "o": { "x": [0.455], "y": [0.03] },
                  "s": [14.999999999999998],
                  "t": 137.10000000000002
                },
                {
                  "i": { "x": [0.515], "y": [0.955] },
                  "o": { "x": [0.455], "y": [0.03] },
                  "s": [-14.999999999999998],
                  "t": 144.60000000000002
                },
                {
                  "i": { "x": [1], "y": [1] },
                  "o": { "x": [0], "y": [0] },
                  "s": [0],
                  "t": 152.10000000000002
                },
                {
                  "i": { "x": [1], "y": [1] },
                  "o": { "x": [0], "y": [0] },
                  "s": [0],
                  "t": 168.9
                },
                {
                  "i": { "x": [0.515], "y": [0.955] },
                  "o": { "x": [0.455], "y": [0.03] },
                  "s": [0],
                  "t": 169.2
                },
                {
                  "i": { "x": [0.515], "y": [0.955] },
                  "o": { "x": [0.455], "y": [0.03] },
                  "s": [14.999999999999998],
                  "t": 176.7
                },
                {
                  "i": { "x": [0.515], "y": [0.955] },
                  "o": { "x": [0.455], "y": [0.03] },
                  "s": [-14.999999999999998],
                  "t": 184.20000000000002
                },
                {
                  "i": { "x": [0.58], "y": [1] },
                  "o": { "x": [0.42], "y": [0] },
                  "s": [0],
                  "t": 191.70000000000002
                },
                {
                  "i": { "x": [1], "y": [1] },
                  "o": { "x": [0], "y": [0] },
                  "s": [0],
                  "t": 270
                }
              ]
            },
            "s": { "a": 0, "k": [100, 100] }
          },
          "nm": "phone-null",
          "op": 271,
          "sr": 1,
          "st": 0,
          "tt": 0
        },
        {
          "ty": 4,
          "ao": 0,
          "ddd": 0,
          "ind": 54,
          "ip": 0,
          "ks": {
            "a": { "a": 0, "k": [0, 0] },
            "o": { "a": 0, "k": 100 },
            "p": { "a": 0, "k": [0, 0] },
            "r": { "a": 0, "k": 0 },
            "s": { "a": 0, "k": [100, 100] }
          },
          "nm": "phone-content",
          "op": 271,
          "parent": 55,
          "shapes": [
            {
              "ty": "gr",
              "cix": 2,
              "it": [
                {
                  "ty": "sh",
                  "ind": 0,
                  "ks": {
                    "a": 0,
                    "k": {
                      "c": false,
                      "i": [
                        [0, 0],
                        [-1.218327, -2.4361247519999996],
                        [-1.0514928599999998, -1.6049764260000003],
                        [0, 0],
                        [-2.56616976, -2.5882450020000007],
                        [-4.361829780000001, -1.5851347740000001],
                        [-3.3454598100000013, 2.4890361299999952],
                        [-0.20415186000000318, 2.1186567899999993],
                        [0.05487965999999744, 0.35274211199999783],
                        [1.5212620500000007, 0.7694186400000014],
                        [1.0010035200000011, -1.0604307599999991],
                        [0, 0],
                        [0.7507526400000017, 0.30864934799999943],
                        [2.1227424900000003, 2.5331288940000043],
                        [0.6827023500000013, 1.0185427259999997],
                        [-1.317110190000001, 1.294122348000002],
                        [0, 1.038384378],
                        [0.16683414000000063, 0.36596987999999975],
                        [0.16683414000000063, 0.4100626439999999],
                        [0, 0],
                        [1.6485826500000007, 0.12786883200000002],
                        [1.5388236599999998, -2.0635409879999997],
                        [0, -1.9202396579999998]
                      ],
                      "o": [
                        [0, 2.6169049620000004],
                        [0.9658806300000002, 1.931262696000001],
                        [0, 0],
                        [2.2983572699999995, 2.7976854779999982],
                        [3.323507880000001, 3.3488447220000026],
                        [3.6549809999999994, 1.3249873440000037],
                        [1.584922350000003, -1.1794809780000044],
                        [0.05926997999999628, -0.6239125799999954],
                        [-0.16683380999999997, -1.0648399140000038],
                        [-1.7495613300000024, -0.8862644339999974],
                        [0, 0],
                        [-0.44342726999999726, 0.5401362059999997],
                        [-3.1061850600000014, -1.2853037339999993],
                        [-0.7836806999999997, -0.9347663519999969],
                        [-0.9307577399999989, -1.3955356440000006],
                        [0.6234320400000009, -0.6128895419999996],
                        [0, -0.4960434420000004],
                        [-0.1712241299999988, -0.3725837640000007],
                        [0, 0],
                        [-1.04710254, -2.612495808],
                        [-1.98664125, -0.156529404],
                        [-0.8363648699999999, 1.1243651760000004],
                        [0, 0]
                      ],
                      "v": [
                        [0, 6.959116872],
                        [1.31711019, 12.984392124000001],
                        [3.56936844, 16.599998160000002],
                        [4.79428092, 18.308592306],
                        [8.96293464, 22.940536644],
                        [20.02665984, 29.461855338000003],
                        [30.31329048, 28.877626062000004],
                        [32.914582800000005, 24.43307643],
                        [32.9782431, 23.068405476000002],
                        [29.79961743, 20.969590338],
                        [24.052626840000002, 19.212493968],
                        [21.473286119999997, 22.497404274],
                        [19.8159225, 22.92730857],
                        [11.31178125, 17.056357992],
                        [9.24830841, 14.278514472000001],
                        [9.25489422, 11.25816075],
                        [11.120800019999999, 8.134188696],
                        [10.68615372, 6.956912142000001],
                        [10.22516517, 5.801681970000001],
                        [8.75878245, 2.278670616],
                        [6.0082176, 0.043168032],
                        [1.77590358, 2.128755402],
                        [0, 6.959116872]
                      ]
                    }
                  },
                  "nm": "phone-path"
                },
                {
                  "ty": "fl",
                  "c": { "a": 0, "k": [1, 1, 1, 1] },
                  "nm": "Fill 1",
                  "o": { "a": 0, "k": 100 },
                  "r": 1
                },
                {
                  "ty": "tr",
                  "a": { "a": 0, "k": [0, 0] },
                  "nm": "Transform",
                  "o": { "a": 0, "k": 100 },
                  "p": { "a": 0, "k": [0, 0] },
                  "r": { "a": 0, "k": 0 },
                  "s": { "a": 0, "k": [100, 100] },
                  "sa": { "a": 0, "k": 0 },
                  "sk": { "a": 0, "k": 0 }
                }
              ],
              "nm": "phone-content",
              "np": 3
            }
          ],
          "sr": 1,
          "st": 0,
          "tt": 0
        }
      ]
    }
  ],
  "ddd": 0,
  "fonts": { "list": [] },
  "fr": 30,
  "h": 100,
  "ip": 0,
  "layers": [
    {
      "ty": 0,
      "ao": 0,
      "ddd": 0,
      "h": 100,
      "ind": 50,
      "ip": 0,
      "ks": {
        "a": { "a": 0, "k": [0, 0] },
        "o": {
          "a": 1,
          "k": [
            {
              "i": { "x": [1], "y": [1] },
              "o": { "x": [0], "y": [0] },
              "s": [0],
              "t": 0
            },
            {
              "i": { "x": [1], "y": [1] },
              "o": { "x": [0], "y": [0] },
              "s": [0],
              "t": 50.699999999999996
            },
            {
              "i": { "x": [0.58], "y": [1] },
              "o": { "x": [0.42], "y": [0] },
              "s": [100],
              "t": 69.6
            },
            {
              "i": { "x": [1], "y": [1] },
              "o": { "x": [0], "y": [0] },
              "s": [100],
              "t": 270
            }
          ]
        },
        "p": { "a": 0, "k": [0, 0] },
        "r": { "a": 0, "k": 0 },
        "s": { "a": 0, "k": [100, 100] }
      },
      "nm": "phone-composition",
      "op": 271,
      "refId": "comp_phone_6ADD6E0F-BD1A-4979-955D-714C9ABAB504",
      "sr": 1,
      "st": 0,
      "tt": 0,
      "w": 100
    },
    {
      "ty": 0,
      "ao": 0,
      "ddd": 0,
      "h": 100,
      "ind": 40,
      "ip": 0,
      "ks": {
        "a": { "a": 0, "k": [0, 0] },
        "o": { "a": 0, "k": 100 },
        "p": { "a": 0, "k": [0, 0] },
        "r": { "a": 0, "k": 0 },
        "s": { "a": 0, "k": [100, 100] }
      },
      "nm": "Fill 1-composition",
      "op": 271,
      "refId": "comp_Fill 1_BA8ED0D5-D328-49CA-A278-C5A2B56A4A59",
      "sr": 1,
      "st": 0,
      "tt": 0,
      "w": 100
    },
    {
      "ty": 0,
      "ao": 0,
      "ddd": 0,
      "h": 100,
      "ind": 30,
      "ip": 0,
      "ks": {
        "a": { "a": 0, "k": [0, 0] },
        "o": {
          "a": 1,
          "k": [
            {
              "i": { "x": [1], "y": [1] },
              "o": { "x": [0], "y": [0] },
              "s": [100],
              "t": 0
            },
            {
              "i": { "x": [1], "y": [1] },
              "o": { "x": [0], "y": [0] },
              "s": [100],
              "t": 50.4
            },
            {
              "i": { "x": [1], "y": [1] },
              "o": { "x": [0], "y": [0] },
              "s": [0],
              "t": 90
            },
            {
              "i": { "x": [1], "y": [1] },
              "o": { "x": [0], "y": [0] },
              "s": [0],
              "t": 129.3
            },
            {
              "i": { "x": [1], "y": [1] },
              "o": { "x": [0], "y": [0] },
              "s": [100],
              "t": 129.60000000000002
            },
            {
              "i": { "x": [0.58], "y": [1] },
              "o": { "x": [0.42], "y": [0] },
              "s": [0],
              "t": 169.2
            },
            {
              "i": { "x": [1], "y": [1] },
              "o": { "x": [0], "y": [0] },
              "s": [0],
              "t": 270
            }
          ]
        },
        "p": { "a": 0, "k": [0, 0] },
        "r": { "a": 0, "k": 0 },
        "s": { "a": 0, "k": [100, 100] }
      },
      "nm": "circle_1-composition",
      "op": 271,
      "refId": "comp_circle_1_3242EB09-ABE7-42CC-A679-7351963F39E4",
      "sr": 1,
      "st": 0,
      "tt": 0,
      "w": 100
    },
    {
      "ty": 0,
      "ao": 0,
      "ddd": 0,
      "h": 100,
      "ind": 20,
      "ip": 0,
      "ks": {
        "a": { "a": 0, "k": [0, 0] },
        "o": {
          "a": 1,
          "k": [
            {
              "i": { "x": [1], "y": [1] },
              "o": { "x": [0], "y": [0] },
              "s": [100],
              "t": 0
            },
            {
              "i": { "x": [1], "y": [1] },
              "o": { "x": [0.42], "y": [0] },
              "s": [100],
              "t": 90
            },
            {
              "i": { "x": [1], "y": [1] },
              "o": { "x": [0], "y": [0] },
              "s": [0],
              "t": 129.60000000000002
            },
            {
              "i": { "x": [1], "y": [1] },
              "o": { "x": [0], "y": [0] },
              "s": [0],
              "t": 168.9
            },
            {
              "i": { "x": [1], "y": [1] },
              "o": { "x": [0.42], "y": [0] },
              "s": [100],
              "t": 169.2
            },
            {
              "i": { "x": [1], "y": [1] },
              "o": { "x": [0], "y": [0] },
              "s": [100],
              "t": 270
            }
          ]
        },
        "p": { "a": 0, "k": [0, 0] },
        "r": { "a": 0, "k": 0 },
        "s": { "a": 0, "k": [100, 100] }
      },
      "nm": "circle_1_copy_copy-composition",
      "op": 271,
      "refId": "comp_circle_1_copy_copy_6856E7C8-C47F-4CFC-B65C-915DBA76F176",
      "sr": 1,
      "st": 0,
      "tt": 0,
      "w": 100
    },
    {
      "ty": 0,
      "ao": 0,
      "ddd": 0,
      "h": 100,
      "ind": 10,
      "ip": 0,
      "ks": {
        "a": { "a": 0, "k": [0, 0] },
        "o": { "a": 0, "k": 100 },
        "p": { "a": 0, "k": [0, 0] },
        "r": { "a": 0, "k": 0 },
        "s": { "a": 0, "k": [100, 100] }
      },
      "nm": "circle_1_copy_copy-composition",
      "op": 271,
      "refId": "comp_circle_1_copy_copy_DB39B229-8432-4667-8BDA-C51947FD6E80",
      "sr": 1,
      "st": 0,
      "tt": 0,
      "w": 100
    },
    {
      "ty": 4,
      "ao": 0,
      "ddd": 0,
      "ind": 2,
      "ip": 0,
      "ks": {
        "a": { "a": 0, "k": [0, 0] },
        "o": { "a": 0, "k": 100 },
        "p": { "a": 0, "k": [0, 0] },
        "r": { "a": 0, "k": 0 },
        "s": { "a": 0, "k": [100, 100] }
      },
      "nm": "Scene-background",
      "op": 0,
      "shapes": [
        {
          "ty": "gr",
          "cix": 2,
          "it": [
            {
              "ty": "rc",
              "d": 1,
              "nm": "Scene-background",
              "p": { "a": 0, "k": [0, 0] },
              "r": { "a": 0, "k": 0 },
              "s": { "a": 0, "k": [100, 100] }
            },
            {
              "ty": "fl",
              "c": { "a": 0, "k": [1, 1, 1, 1] },
              "nm": "Fill 1",
              "o": { "a": 0, "k": 100 },
              "r": 1
            },
            {
              "ty": "tr",
              "a": { "a": 0, "k": [0, 0] },
              "nm": "Transform",
              "o": { "a": 0, "k": 100 },
              "p": { "a": 0, "k": [0, 0] },
              "r": { "a": 0, "k": 0 },
              "s": { "a": 0, "k": [100, 100] },
              "sa": { "a": 0, "k": 0 },
              "sk": { "a": 0, "k": 0 }
            }
          ],
          "nm": "Scene-background",
          "np": 0
        }
      ],
      "sr": 0,
      "st": 0,
      "tt": 0
    }
  ],
  "meta": {
    "a": "",
    "d": "whatsappTime",
    "g": "Flow 1.10.0",
    "k": "",
    "tc": ""
  },
  "nm": "whatsappTime",
  "op": 198,
  "v": "5.6.4",
  "w": 100
}
